top_k,similarity_threshold,query,precision,recall,map,ndcg,retrieved_count,query_latency_ms
3,0.0,AI in healthcare,1.0,0.075,1.0,1.0,3,5.75
3,0.0,wireless communication,1.0,0.17647058823529413,1.0,1.0,3,4.9
3,0.0,digital libraries,1.0,0.05,1.0,1.0,3,4.09
3,0.0,renewable energy storage,1.0,0.375,1.0,1.0,3,3.87
3,0.0,OCR for scanned theses,0.3333333333333333,0.1111111111111111,1.0,0.46927872602275644,3,3.91
3,0.0,semantic search,1.0,0.0625,1.0,1.0,3,3.69
3,0.15,AI in healthcare,1.0,0.075,1.0,1.0,3,3.9
3,0.15,wireless communication,1.0,0.17647058823529413,1.0,1.0,3,3.82
3,0.15,digital libraries,1.0,0.05,1.0,1.0,3,3.81
3,0.15,renewable energy storage,1.0,0.375,1.0,1.0,3,3.95
3,0.15,OCR for scanned theses,0.3333333333333333,0.1111111111111111,1.0,0.46927872602275644,3,3.84
3,0.15,semantic search,1.0,0.0625,1.0,1.0,3,3.73
3,0.2,AI in healthcare,1.0,0.075,1.0,1.0,3,3.76
3,0.2,wireless communication,1.0,0.17647058823529413,1.0,1.0,3,3.65
3,0.2,digital libraries,1.0,0.05,1.0,1.0,3,3.78
3,0.2,renewable energy storage,1.0,0.375,1.0,1.0,3,4.12
3,0.2,OCR for scanned theses,0.3333333333333333,0.1111111111111111,1.0,0.46927872602275644,3,3.81
3,0.2,semantic search,1.0,0.0625,1.0,1.0,3,3.78
3,0.25,AI in healthcare,1.0,0.075,1.0,1.0,3,3.85
3,0.25,wireless communication,1.0,0.17647058823529413,1.0,1.0,3,4.01
3,0.25,digital libraries,1.0,0.05,1.0,1.0,3,3.79
3,0.25,renewable energy storage,1.0,0.375,1.0,1.0,3,3.79
3,0.25,OCR for scanned theses,0.3333333333333333,0.1111111111111111,1.0,0.46927872602275644,3,3.76
3,0.25,semantic search,1.0,0.0625,1.0,1.0,3,3.74
3,0.3,AI in healthcare,1.0,0.075,1.0,1.0,3,3.76
3,0.3,wireless communication,1.0,0.17647058823529413,1.0,1.0,3,3.73
3,0.3,digital libraries,1.0,0.05,1.0,1.0,3,3.83
3,0.3,renewable energy storage,1.0,0.375,1.0,1.0,3,3.74
3,0.3,OCR for scanned theses,0.3333333333333333,0.1111111111111111,1.0,0.46927872602275644,3,3.85
3,0.3,semantic search,1.0,0.0625,1.0,1.0,3,3.76
3,0.35,AI in healthcare,1.0,0.075,1.0,1.0,3,3.81
3,0.35,wireless communication,1.0,0.17647058823529413,1.0,1.0,3,3.8
3,0.35,digital libraries,1.0,0.05,1.0,1.0,3,3.75
3,0.35,renewable energy storage,1.0,0.375,1.0,1.0,3,3.79
3,0.35,OCR for scanned theses,0.5,0.1111111111111111,1.0,0.46927872602275644,2,4.35
3,0.35,semantic search,1.0,0.0625,1.0,1.0,3,3.8
3,0.4,AI in healthcare,1.0,0.05,1.0,0.7653606369886217,2,4.35
3,0.4,wireless communication,1.0,0.17647058823529413,1.0,1.0,3,3.76
3,0.4,digital libraries,1.0,0.05,1.0,1.0,3,3.84
3,0.4,renewable energy storage,1.0,0.375,1.0,1.0,3,3.8
3,0.4,OCR for scanned theses,1.0,0.1111111111111111,1.0,0.46927872602275644,1,4.34
3,0.4,semantic search,1.0,0.0625,1.0,1.0,3,3.85
5,0.0,AI in healthcare,1.0,0.125,1.0,1.0,5,4.39
5,0.0,wireless communication,1.0,0.29411764705882354,1.0,1.0,5,3.86
5,0.0,digital libraries,1.0,0.08333333333333333,1.0,1.0,5,3.82
5,0.0,renewable energy storage,1.0,0.625,1.0,1.0,5,3.77
5,0.0,OCR for scanned theses,0.2,0.1111111111111111,1.0,0.3391602052736161,5,3.77
5,0.0,semantic search,1.0,0.10416666666666667,1.0,1.0,5,3.81
5,0.15,AI in healthcare,1.0,0.125,1.0,1.0,5,3.87
5,0.15,wireless communication,1.0,0.29411764705882354,1.0,1.0,5,3.72
5,0.15,digital libraries,1.0,0.08333333333333333,1.0,1.0,5,3.73
5,0.15,renewable energy storage,1.0,0.625,1.0,1.0,5,3.78
5,0.15,OCR for scanned theses,0.2,0.1111111111111111,1.0,0.3391602052736161,5,3.88
5,0.15,semantic search,1.0,0.10416666666666667,1.0,1.0,5,3.81
5,0.2,AI in healthcare,1.0,0.125,1.0,1.0,5,3.8
5,0.2,wireless communication,1.0,0.29411764705882354,1.0,1.0,5,3.77
5,0.2,digital libraries,1.0,0.08333333333333333,1.0,1.0,5,3.72
5,0.2,renewable energy storage,1.0,0.625,1.0,1.0,5,3.8
5,0.2,OCR for scanned theses,0.2,0.1111111111111111,1.0,0.3391602052736161,5,3.79
5,0.2,semantic search,1.0,0.10416666666666667,1.0,1.0,5,3.84
5,0.25,AI in healthcare,1.0,0.125,1.0,1.0,5,3.82
5,0.25,wireless communication,1.0,0.29411764705882354,1.0,1.0,5,3.79
5,0.25,digital libraries,1.0,0.08333333333333333,1.0,1.0,5,3.87
5,0.25,renewable energy storage,1.0,0.625,1.0,1.0,5,3.88
5,0.25,OCR for scanned theses,0.2,0.1111111111111111,1.0,0.3391602052736161,5,3.87
5,0.25,semantic search,1.0,0.10416666666666667,1.0,1.0,5,3.84
5,0.3,AI in healthcare,1.0,0.125,1.0,1.0,5,3.86
5,0.3,wireless communication,1.0,0.29411764705882354,1.0,1.0,5,3.86
5,0.3,digital libraries,1.0,0.08333333333333333,1.0,1.0,5,3.8
5,0.3,renewable energy storage,1.0,0.625,1.0,1.0,5,3.85
5,0.3,OCR for scanned theses,0.3333333333333333,0.1111111111111111,1.0,0.3391602052736161,3,4.37
5,0.3,semantic search,1.0,0.10416666666666667,1.0,1.0,5,3.98
5,0.35,AI in healthcare,1.0,0.075,1.0,0.7227265726449519,3,4.53
5,0.35,wireless communication,1.0,0.23529411764705882,1.0,0.8687949224876582,4,4.56
5,0.35,digital libraries,1.0,0.08333333333333333,1.0,1.0,5,4.01
5,0.35,renewable energy storage,1.0,0.375,1.0,0.7227265726449519,3,4.57
5,0.35,OCR for scanned theses,0.5,0.1111111111111111,1.0,0.3391602052736161,2,4.63
5,0.35,semantic search,1.0,0.10416666666666667,1.0,1.0,5,4.06
5,0.4,AI in healthcare,1.0,0.05,1.0,0.5531464700081437,2,4.67
5,0.4,wireless communication,1.0,0.17647058823529413,1.0,0.7227265726449519,3,4.61
5,0.4,digital libraries,1.0,0.08333333333333333,1.0,1.0,5,4.18
5,0.4,renewable energy storage,1.0,0.375,1.0,0.7227265726449519,3,4.83
5,0.4,OCR for scanned theses,1.0,0.1111111111111111,1.0,0.3391602052736161,1,4.91
5,0.4,semantic search,1.0,0.10416666666666667,1.0,1.0,5,4.25
10,0.0,AI in healthcare,0.9,0.225,1.0,0.9363792118010483,10,4.66
10,0.0,wireless communication,0.6,0.35294117647058826,0.9333333333333332,0.7125523635307982,10,4.73
10,0.0,digital libraries,1.0,0.16666666666666666,1.0,1.0,10,4.63
10,0.0,renewable energy storage,0.6,0.75,1.0,0.8358912271816661,10,4.98
10,0.0,OCR for scanned theses,0.1,0.1111111111111111,1.0,0.23504554941448536,10,5.24
10,0.0,semantic search,0.9,0.1875,1.0,0.9363792118010483,10,4.37
10,0.15,AI in healthcare,0.9,0.225,1.0,0.9363792118010483,10,4.5
10,0.15,wireless communication,0.6,0.35294117647058826,0.9333333333333332,0.7125523635307982,10,6.13
10,0.15,digital libraries,1.0,0.16666666666666666,1.0,1.0,10,5.05
10,0.15,renewable energy storage,0.6,0.75,1.0,0.8358912271816661,10,4.05
10,0.15,OCR for scanned theses,0.1,0.1111111111111111,1.0,0.23504554941448536,10,6.58
10,0.15,semantic search,0.9,0.1875,1.0,0.9363792118010483,10,7.37
10,0.2,AI in healthcare,0.9,0.225,1.0,0.9363792118010483,10,5.3
10,0.2,wireless communication,0.5555555555555556,0.29411764705882354,1.0,0.6489315753318465,9,6.26
10,0.2,digital libraries,1.0,0.16666666666666666,1.0,1.0,10,4.31
10,0.2,renewable energy storage,0.75,0.75,1.0,0.8358912271816661,8,5.45
10,0.2,OCR for scanned theses,0.1,0.1111111111111111,1.0,0.23504554941448536,10,4.38
10,0.2,semantic search,0.9,0.1875,1.0,0.9363792118010483,10,4.38
10,0.25,AI in healthcare,0.9,0.225,1.0,0.9363792118010483,10,4.19
10,0.25,wireless communication,1.0,0.29411764705882354,1.0,0.6489315753318465,5,6.91
10,0.25,digital libraries,1.0,0.16666666666666666,1.0,1.0,10,6.72
10,0.25,renewable energy storage,1.0,0.75,1.0,0.8358912271816661,6,7.89
10,0.25,OCR for scanned theses,0.125,0.1111111111111111,1.0,0.23504554941448536,8,6.24
10,0.25,semantic search,0.9,0.1875,1.0,0.9363792118010483,10,5.08
10,0.3,AI in healthcare,1.0,0.175,1.0,0.800693766409882,7,5.47
10,0.3,wireless communication,1.0,0.29411764705882354,1.0,0.6489315753318465,5,5.43
10,0.3,digital libraries,1.0,0.16666666666666666,1.0,1.0,10,5.14
10,0.3,renewable energy storage,1.0,0.625,1.0,0.7457912185292983,5,6.24
10,0.3,OCR for scanned theses,0.3333333333333333,0.1111111111111111,1.0,0.23504554941448536,3,7.65
10,0.3,semantic search,0.9,0.1875,1.0,0.9363792118010483,10,7.18
10,0.35,AI in healthcare,1.0,0.075,1.0,0.4690000933206748,3,6.13
10,0.35,wireless communication,1.0,0.23529411764705882,1.0,0.5637884576902256,4,6.34
10,0.35,digital libraries,1.0,0.16666666666666666,1.0,1.0,10,5.34
10,0.35,renewable energy storage,1.0,0.375,1.0,0.5390031312763821,3,8.03
10,0.35,OCR for scanned theses,0.5,0.1111111111111111,1.0,0.23504554941448536,2,8.05
10,0.35,semantic search,0.9,0.1875,1.0,0.9363792118010483,10,6.2
10,0.4,AI in healthcare,1.0,0.05,1.0,0.3589542101716347,2,7.63
10,0.4,wireless communication,1.0,0.17647058823529413,1.0,0.4690000933206748,3,7.82
10,0.4,digital libraries,1.0,0.16666666666666666,1.0,1.0,10,7.32
10,0.4,renewable energy storage,1.0,0.375,1.0,0.5390031312763821,3,7.65
10,0.4,OCR for scanned theses,1.0,0.1111111111111111,1.0,0.23504554941448536,1,7.96
10,0.4,semantic search,0.9,0.1875,1.0,0.9363792118010483,10,6.1
15,0.0,AI in healthcare,0.8666666666666667,0.325,0.9540997464074389,0.903092638048194,15,7.04
15,0.0,wireless communication,0.5333333333333333,0.47058823529411764,0.8462121212121212,0.642593971919894,15,5.99
15,0.0,digital libraries,0.9333333333333333,0.23333333333333334,0.9846415489272633,0.9538948797241021,15,6.39
15,0.0,renewable energy storage,0.4,0.75,1.0,0.8358912271816661,15,6.08
15,0.0,OCR for scanned theses,0.2,0.3333333333333333,0.456043956043956,0.3569419482492312,15,6.37
15,0.0,semantic search,0.9333333333333333,0.2916666666666667,0.9721956614813757,0.9506828759500645,15,6.15
15,0.15,AI in healthcare,0.8666666666666667,0.325,0.9540997464074389,0.903092638048194,15,6.1
15,0.15,wireless communication,0.5333333333333333,0.47058823529411764,0.8462121212121212,0.642593971919894,15,6.4
15,0.15,digital libraries,0.9333333333333333,0.23333333333333334,0.9846415489272633,0.9538948797241021,15,6.41
15,0.15,renewable energy storage,0.42857142857142855,0.75,1.0,0.8358912271816661,14,8.12
15,0.15,OCR for scanned theses,0.2,0.3333333333333333,0.456043956043956,0.3569419482492312,15,6.62
15,0.15,semantic search,0.9333333333333333,0.2916666666666667,0.9721956614813757,0.9506828759500645,15,6.18
15,0.2,AI in healthcare,0.8666666666666667,0.325,0.9540997464074389,0.903092638048194,15,6.48
15,0.2,wireless communication,0.5555555555555556,0.29411764705882354,1.0,0.5030343053984369,9,8.08
15,0.2,digital libraries,0.9333333333333333,0.23333333333333334,0.9846415489272633,0.9538948797241021,15,6.09
15,0.2,renewable energy storage,0.75,0.75,1.0,0.8358912271816661,8,9.21
15,0.2,OCR for scanned theses,0.2,0.3333333333333333,0.456043956043956,0.3569419482492312,15,9.24
15,0.2,semantic search,0.9333333333333333,0.2916666666666667,0.9721956614813757,0.9506828759500645,15,8.16
15,0.25,AI in healthcare,0.8333333333333334,0.25,0.9833333333333334,0.7719611030996699,12,13.46
15,0.25,wireless communication,1.0,0.29411764705882354,1.0,0.5030343053984369,5,10.62
15,0.25,digital libraries,0.9333333333333333,0.23333333333333334,0.9846415489272633,0.9538948797241021,15,6.02
15,0.25,renewable energy storage,1.0,0.75,1.0,0.8358912271816661,6,12.98
15,0.25,OCR for scanned theses,0.125,0.1111111111111111,1.0,0.23504554941448536,8,9.67
15,0.25,semantic search,0.9333333333333333,0.2916666666666667,0.9721956614813757,0.9506828759500645,15,6.47
15,0.3,AI in healthcare,1.0,0.175,1.0,0.6206762745623587,7,8.45
15,0.3,wireless communication,1.0,0.29411764705882354,1.0,0.5030343053984369,5,8.98
15,0.3,digital libraries,0.9333333333333333,0.23333333333333334,0.9846415489272633,0.9538948797241021,15,6.69
15,0.3,renewable energy storage,1.0,0.625,1.0,0.7457912185292983,5,9.68
15,0.3,OCR for scanned theses,0.3333333333333333,0.1111111111111111,1.0,0.23504554941448536,3,8.72
15,0.3,semantic search,0.9333333333333333,0.2916666666666667,0.9721956614813757,0.9506828759500645,15,6.14
15,0.35,AI in healthcare,1.0,0.075,1.0,0.3635562594634462,3,7.91
15,0.35,wireless communication,1.0,0.23529411764705882,1.0,0.4370336503672679,4,8.65
15,0.35,digital libraries,0.9333333333333333,0.23333333333333334,0.9846415489272633,0.9538948797241021,15,6.46
15,0.35,renewable energy storage,1.0,0.375,1.0,0.5390031312763821,3,8.32
15,0.35,OCR for scanned theses,0.5,0.1111111111111111,1.0,0.23504554941448536,2,8.68
15,0.35,semantic search,0.9333333333333333,0.2916666666666667,0.9721956614813757,0.9506828759500645,15,6.94
15,0.4,AI in healthcare,1.0,0.05,1.0,0.27825165032414384,2,8.35
15,0.4,wireless communication,1.0,0.17647058823529413,1.0,0.3635562594634462,3,8.06
15,0.4,digital libraries,0.9333333333333333,0.23333333333333334,0.9846415489272633,0.9538948797241021,15,6.78
15,0.4,renewable energy storage,1.0,0.375,1.0,0.5390031312763821,3,8.09
15,0.4,OCR for scanned theses,1.0,0.1111111111111111,1.0,0.23504554941448536,1,9.84
15,0.4,semantic search,0.9333333333333333,0.2916666666666667,0.9721956614813757,0.9506828759500645,15,6.36
20,0.0,AI in healthcare,0.7,0.35,0.9415053200767488,0.7853037468865476,20,7.67
20,0.0,wireless communication,0.45,0.5294117647058824,0.8021885521885522,0.6294131885314883,20,6.41
20,0.0,digital libraries,0.95,0.31666666666666665,0.9739721590035261,0.961615361834617,20,6.22
20,0.0,renewable energy storage,0.35,0.875,0.9196428571428571,0.8977737965386227,20,4.6
20,0.0,OCR for scanned theses,0.15,0.3333333333333333,0.456043956043956,0.3569419482492312,20,4.63
20,0.0,semantic search,0.95,0.3958333333333333,0.96480150509603,0.9589412206131109,20,6.4
20,0.15,AI in healthcare,0.7,0.35,0.9415053200767488,0.7853037468865476,20,5.84
20,0.15,wireless communication,0.5,0.47058823529411764,0.8462121212121212,0.5935359384122254,16,7.02
20,0.15,digital libraries,0.95,0.31666666666666665,0.9739721590035261,0.961615361834617,20,4.33
20,0.15,renewable energy storage,0.42857142857142855,0.75,1.0,0.8358912271816661,14,5.97
20,0.15,OCR for scanned theses,0.15,0.3333333333333333,0.456043956043956,0.3569419482492312,20,6.06
20,0.15,semantic search,0.95,0.3958333333333333,0.96480150509603,0.9589412206131109,20,5.82
20,0.2,AI in healthcare,0.7,0.35,0.9415053200767488,0.7853037468865476,20,6.43
20,0.2,wireless communication,0.5555555555555556,0.29411764705882354,1.0,0.4646307801739275,9,7.05
20,0.2,digital libraries,0.95,0.31666666666666665,0.9739721590035261,0.961615361834617,20,5.0
20,0.2,renewable energy storage,0.75,0.75,1.0,0.8358912271816661,8,6.9
20,0.2,OCR for scanned theses,0.1875,0.3333333333333333,0.456043956043956,0.3569419482492312,16,6.88
20,0.2,semantic search,0.95,0.3958333333333333,0.96480150509603,0.9589412206131109,20,5.35
20,0.25,AI in healthcare,0.8333333333333334,0.25,0.9833333333333334,0.6426932072384363,12,6.6
20,0.25,wireless communication,1.0,0.29411764705882354,1.0,0.4646307801739275,5,8.9
20,0.25,digital libraries,0.95,0.31666666666666665,0.9739721590035261,0.961615361834617,20,5.27
20,0.25,renewable energy storage,1.0,0.75,1.0,0.8358912271816661,6,6.98
20,0.25,OCR for scanned theses,0.125,0.1111111111111111,1.0,0.23504554941448536,8,9.25
20,0.25,semantic search,0.95,0.3958333333333333,0.96480150509603,0.9589412206131109,20,6.85
20,0.3,AI in healthcare,1.0,0.175,1.0,0.51674161295635,7,8.12
20,0.3,wireless communication,1.0,0.29411764705882354,1.0,0.4646307801739275,5,6.8
20,0.3,digital libraries,0.95,0.31666666666666665,0.9739721590035261,0.961615361834617,20,3.97
20,0.3,renewable energy storage,1.0,0.625,1.0,0.7457912185292983,5,7.29
20,0.3,OCR for scanned theses,0.3333333333333333,0.1111111111111111,1.0,0.23504554941448536,3,8.27
20,0.3,semantic search,0.95,0.3958333333333333,0.96480150509603,0.9589412206131109,20,6.49
20,0.35,AI in healthcare,1.0,0.075,1.0,0.30267734665382945,3,8.11
20,0.35,wireless communication,1.0,0.23529411764705882,1.0,0.40366886264658747,4,6.85
20,0.35,digital libraries,0.9411764705882353,0.26666666666666666,0.9789786347231201,0.8629746087340068,17,5.6
20,0.35,renewable energy storage,1.0,0.375,1.0,0.5390031312763821,3,6.03
20,0.35,OCR for scanned theses,0.5,0.1111111111111111,1.0,0.23504554941448536,2,8.79
20,0.35,semantic search,0.95,0.3958333333333333,0.96480150509603,0.9589412206131109,20,6.28
20,0.4,AI in healthcare,1.0,0.05,1.0,0.23165732683700077,2,7.24
20,0.4,wireless communication,1.0,0.17647058823529413,1.0,0.33580101130045265,3,6.4
20,0.4,digital libraries,0.9375,0.25,0.981498778998779,0.8289116364780243,16,8.65
20,0.4,renewable energy storage,1.0,0.375,1.0,0.5390031312763821,3,8.15
20,0.4,OCR for scanned theses,1.0,0.1111111111111111,1.0,0.23504554941448536,1,6.69
20,0.4,semantic search,0.9333333333333333,0.2916666666666667,0.9721956614813757,0.7914873225576496,15,6.28
